{"name":"MikuTools","short_name":"MikuTools","description":"收集实用的小工具","publicPath":"//_nuxt/","icons":[{"src":"/_nuxt/icons/icon_64.933jzNF3z3N.png","sizes":"64x64","type":"image/png"},{"src":"/_nuxt/icons/icon_120.933jzNF3z3N.png","sizes":"120x120","type":"image/png"},{"src":"/_nuxt/icons/icon_144.933jzNF3z3N.png","sizes":"144x144","type":"image/png"},{"src":"/_nuxt/icons/icon_152.933jzNF3z3N.png","sizes":"152x152","type":"image/png"},{"src":"/_nuxt/icons/icon_192.933jzNF3z3N.png","sizes":"192x192","type":"image/png"},{"src":"/_nuxt/icons/icon_384.933jzNF3z3N.png","sizes":"384x384","type":"image/png"},{"src":"/_nuxt/icons/icon_512.933jzNF3z3N.png","sizes":"512x512","type":"image/png"}],"start_url":"/","display":"standalone","background_color":"#ffffff","theme_color":"#ffffff","lang":"zh-cn","scope":"/"}